"","state","year","stationary","moving","NA.x.x","hijacked","boarding","fired upon","detained","NA.y.x","small","big","NA","attempted","acutal","NA.x.y","early","day","evening","night","NA.y.y"
"1","Albania",1997,0,2,0,0,1,0,0,1,0,0,2,0,2,0,0,0,0,0,2
"2","Albania",1998,1,0,0,0,1,0,0,0,0,1,0,0,1,0,0,0,0,0,1
"3","Algeria",1993,0,0,1,0,0,0,0,1,0,0,1,0,0,1,0,0,0,0,1
"4","Algeria",1995,0,0,1,0,1,0,0,0,0,1,0,0,1,0,0,0,0,0,1
"5","Algeria",1998,0,1,0,0,0,1,0,0,0,0,1,1,0,0,0,0,0,0,1
"6","Algeria",2001,1,0,0,0,1,0,0,0,0,0,1,0,1,0,0,0,0,0,1
"7","Algeria",2012,1,0,0,0,1,0,0,0,0,1,0,0,1,0,0,0,0,1,0
"8","Angola",1993,1,0,2,0,0,0,0,3,0,2,1,0,0,3,1,0,0,2,0
"9","Angola",1997,1,0,0,0,1,0,0,0,0,0,1,0,1,0,0,0,0,0,1
"10","Angola",1999,2,1,0,0,2,0,0,1,0,2,1,1,2,0,0,0,0,0,3
"11","Angola",2000,2,0,1,0,3,0,0,0,0,1,2,0,3,0,0,0,0,0,3
"12","Angola",2001,0,1,0,0,1,0,0,0,0,0,1,0,1,0,0,1,0,0,0
"13","Angola",2003,3,0,0,0,3,0,0,0,0,1,2,0,3,0,0,0,0,2,1
"14","Angola",2006,4,0,0,0,4,0,0,0,0,3,1,0,4,0,1,0,1,2,0
"15","Angola",2007,1,0,0,0,1,0,0,0,0,1,0,0,1,0,0,0,1,0,0
"16","Angola",2008,2,0,0,0,2,0,0,0,0,2,0,0,2,0,1,0,0,1,0
"17","Angola",2011,2,1,0,0,2,0,0,1,0,1,2,1,2,0,0,0,1,2,0
"18","Angola",2012,1,0,0,0,1,0,0,0,0,1,0,0,1,0,0,0,0,1,0
"19","Angola",2014,1,0,0,1,0,0,0,0,0,1,0,0,1,0,0,0,0,0,1
"20","Argentina",2006,1,0,0,0,1,0,0,0,0,1,0,0,1,0,0,0,0,1,0
"21","Australia",2003,0,1,0,0,0,0,0,1,0,1,0,1,0,0,0,0,0,1,0
"22","Bangladesh",1993,0,0,1,0,0,0,0,1,0,1,0,0,0,1,0,1,0,0,0
"23","Bangladesh",1994,0,0,2,0,1,0,0,1,0,2,0,1,1,0,0,1,0,1,0
"24","Bangladesh",1995,1,2,0,1,1,0,0,1,1,1,1,1,2,0,0,0,0,1,2
"25","Bangladesh",1996,4,0,0,0,4,0,0,0,0,3,1,0,4,0,0,0,0,1,3
"26","Bangladesh",1997,2,0,5,0,6,0,0,1,0,5,2,1,6,0,0,0,0,0,7
"27","Bangladesh",1998,10,0,0,0,8,0,0,2,1,8,1,2,8,0,0,0,0,0,10
"28","Bangladesh",1999,23,1,2,0,25,0,0,1,3,20,3,1,25,0,0,0,0,0,26
"29","Bangladesh",2000,50,5,0,0,42,2,0,11,1,47,7,12,43,0,0,0,0,0,55
"30","Bangladesh",2001,22,4,0,0,22,0,0,4,3,23,0,4,22,0,3,4,8,6,5
"31","Bangladesh",2002,22,5,5,0,28,0,0,4,0,30,2,4,28,0,7,5,6,10,4
"32","Bangladesh",2003,37,18,0,3,47,0,0,5,12,39,4,5,50,0,8,4,15,15,13
"33","Bangladesh",2004,9,10,0,1,16,1,0,1,4,11,4,2,17,0,1,2,5,4,7
"34","Bangladesh",2005,12,8,0,0,16,0,0,4,2,17,1,4,16,0,3,1,8,8,0
"35","Bangladesh",2006,42,5,0,0,35,0,0,12,1,46,0,12,35,0,5,3,16,23,0
"36","Bangladesh",2007,15,0,0,0,14,0,0,1,0,14,1,1,14,0,2,0,2,10,1
"37","Bangladesh",2008,11,1,0,0,12,0,0,0,0,12,0,0,12,0,0,1,4,7,0
"38","Bangladesh",2009,14,3,0,0,14,0,0,3,1,16,0,3,14,0,2,5,6,4,0
"39","Bangladesh",2010,20,3,0,0,20,0,0,3,1,20,2,3,20,0,0,3,9,11,0
"40","Bangladesh",2011,10,0,0,0,10,0,0,0,0,10,0,0,10,0,1,0,7,2,0
"41","Bangladesh",2012,11,1,0,0,12,0,0,0,2,9,1,0,12,0,0,2,4,6,0
"42","Bangladesh",2013,10,1,0,0,11,0,0,0,0,11,0,0,11,0,0,0,3,8,0
"43","Bangladesh",2014,19,2,0,0,20,0,0,1,0,21,0,1,20,0,1,0,11,9,0
"44","Belgium",2001,1,0,0,0,1,0,0,0,0,1,0,0,1,0,0,0,0,1,0
"45","Belgium",2006,1,0,0,0,1,0,0,0,0,1,0,0,1,0,0,0,0,1,0
"46","Belize",2000,0,1,0,1,0,0,0,0,1,0,0,0,1,0,0,0,0,0,1
"47","Benin",2003,1,0,0,0,1,0,0,0,0,1,0,0,1,0,0,0,0,1,0
"48","Benin",2009,1,0,0,0,1,0,0,0,0,1,0,0,1,0,0,0,0,1,0
"49","Benin",2010,1,0,0,0,1,0,0,0,0,1,0,0,1,0,0,0,1,0,0
"50","Benin",2011,17,3,0,8,10,0,0,2,0,19,1,2,18,0,0,2,5,11,2
"51","Benin",2012,1,1,0,1,1,0,0,0,0,2,0,0,2,0,0,1,0,1,0
"52","Brazil",1993,1,0,2,0,0,0,0,3,0,3,0,0,0,3,0,0,2,1,0
"53","Brazil",1994,0,0,7,0,7,0,0,0,0,7,0,0,7,0,0,0,0,6,1
"54","Brazil",1995,8,1,7,0,15,0,0,1,0,13,3,1,15,0,0,0,0,0,16
"55","Brazil",1996,17,0,0,0,16,0,0,1,0,16,1,1,16,0,0,0,2,4,11
"56","Brazil",1997,3,2,10,0,15,0,0,0,0,12,3,0,15,0,0,0,0,0,15
"57","Brazil",1998,9,0,0,0,9,0,0,0,0,7,2,0,9,0,0,0,0,0,9
"58","Brazil",1999,6,1,1,0,8,0,0,0,1,7,0,0,8,0,0,0,0,0,8
"59","Brazil",2000,7,1,0,0,7,0,0,1,0,8,0,1,7,0,0,0,0,0,8
"60","Brazil",2001,3,0,0,0,3,0,0,0,1,2,0,0,3,0,0,0,0,2,1
"61","Brazil",2002,5,0,1,0,6,0,0,0,0,6,0,0,6,0,2,0,1,2,1
"62","Brazil",2003,7,0,0,0,6,0,0,1,0,7,0,1,6,0,0,0,0,7,0
"63","Brazil",2004,7,0,0,0,5,0,0,2,1,6,0,2,5,0,1,0,1,4,1
"64","Brazil",2005,1,0,1,0,2,0,0,0,1,1,0,0,2,0,1,0,0,1,0
"65","Brazil",2006,7,0,0,0,6,0,0,1,0,7,0,1,6,0,1,1,3,2,0
"66","Brazil",2007,4,0,0,0,4,0,0,0,0,4,0,0,4,0,0,0,3,1,0
"67","Brazil",2008,1,0,0,0,1,0,0,0,1,0,0,0,1,0,0,0,0,0,1
"68","Brazil",2009,5,0,0,0,5,0,0,0,1,3,1,0,5,0,0,0,3,2,0
"69","Brazil",2010,9,0,0,0,9,0,0,0,0,8,1,0,9,0,0,0,0,9,0
"70","Brazil",2011,3,0,0,0,1,0,0,2,0,3,0,2,1,0,0,0,1,2,0
"71","Brazil",2012,1,0,0,0,0,0,0,1,0,1,0,1,0,0,0,0,0,1,0
"72","Brazil",2013,1,0,0,0,1,0,0,0,0,1,0,0,1,0,0,0,0,1,0
"73","Brazil",2014,1,0,0,0,1,0,0,0,0,1,0,0,1,0,0,0,0,1,0
"74","British Indian Ocean Territory",2012,0,2,0,0,0,1,0,1,0,2,0,2,0,0,1,0,0,1,0
"75","Bulgaria",2002,1,0,0,0,1,0,0,0,0,1,0,0,1,0,0,0,1,0,0
"76","Bulgaria",2003,1,0,0,0,1,0,0,0,0,1,0,0,1,0,0,1,0,0,0
"77","Cambodia",1993,0,0,1,0,0,0,0,1,0,0,1,0,0,1,0,0,0,1,0
"78","Cambodia",1995,0,0,1,1,0,0,0,0,0,1,0,0,1,0,0,0,0,0,1
"79","Cambodia",1996,0,1,0,0,0,1,0,0,0,1,0,1,0,0,0,0,0,0,1
"80","Cambodia",1997,0,0,1,0,0,0,0,1,0,1,0,0,1,0,0,0,0,0,1
"81","Cambodia",2000,0,1,0,0,1,0,0,0,0,1,0,0,1,0,0,0,0,0,1
"82","Cambodia",2003,0,1,0,0,0,0,0,1,1,0,0,0,1,0,0,0,0,0,1
"83","Cambodia",2004,0,1,0,0,0,0,0,1,0,1,0,1,0,0,0,0,0,1,0
"84","Cameroon",1997,1,0,2,0,3,0,0,0,0,3,0,0,3,0,0,0,0,0,3
"85","Cameroon",1998,5,0,0,0,5,0,0,0,0,2,3,0,5,0,0,0,0,0,5
"86","Cameroon",1999,3,0,0,0,3,0,0,0,0,2,1,0,3,0,0,0,0,0,3
"87","Cameroon",2000,2,0,0,0,2,0,0,0,0,2,0,0,2,0,0,0,0,0,2
"88","Cameroon",2001,7,0,0,0,7,0,0,0,0,6,1,0,7,0,0,0,2,3,2
"89","Cameroon",2002,5,0,0,0,5,0,0,0,0,3,2,0,5,0,2,0,0,2,1
"90","Cameroon",2003,2,0,0,0,2,0,0,0,0,1,1,0,2,0,1,0,0,1,0
"91","Cameroon",2004,3,0,0,0,3,0,0,0,0,3,0,0,3,0,0,0,0,2,1
"92","Cameroon",2005,2,0,0,0,2,0,0,0,1,1,0,0,2,0,0,0,0,2,0
"93","Cameroon",2006,1,0,0,0,1,0,0,0,0,1,0,0,1,0,0,0,1,0,0
"94","Cameroon",2008,2,1,0,0,3,0,0,0,2,0,1,0,3,0,0,0,0,3,0
"95","Cameroon",2009,2,1,0,0,2,0,0,1,0,2,1,1,2,0,0,0,1,2,0
"96","Cameroon",2010,5,0,0,0,4,1,0,0,0,3,2,1,4,0,0,0,3,2,0
"97","Cameroon",2012,1,0,0,0,1,0,0,0,0,1,0,0,1,0,0,0,0,1,0
"98","Cameroon",2013,0,1,0,0,1,0,0,0,0,1,0,0,1,0,1,0,0,0,0
"99","Cameroon",2014,1,0,0,0,1,0,0,0,0,1,0,0,1,0,1,0,0,0,0
"100","China",1993,0,0,23,0,0,0,0,23,1,18,4,0,0,23,2,7,7,3,4
"101","China",1994,0,0,11,2,4,0,0,5,1,10,0,4,6,1,4,1,2,2,2
"102","China",1995,17,11,5,5,23,0,0,5,2,17,14,5,28,0,0,4,5,9,15
"103","China",1996,5,5,2,0,9,1,0,2,2,7,3,3,9,0,0,0,1,4,7
"104","China",1997,2,3,3,2,4,0,0,2,2,5,1,2,6,0,0,0,0,0,8
"105","China",1998,0,1,0,1,0,0,0,0,0,1,0,0,1,0,0,0,0,0,1
"106","China",1999,0,1,0,0,0,0,0,1,0,1,0,1,0,0,0,0,0,0,1
"107","China",2000,5,1,0,1,5,0,0,0,1,5,0,0,6,0,0,0,0,0,6
"108","China",2001,0,3,0,0,0,0,0,3,0,3,0,3,0,0,1,0,1,1,0
"109","China",2002,5,0,0,0,4,0,0,1,0,5,0,1,4,0,0,0,3,2,0
"110","China",2003,1,0,0,0,1,0,0,0,0,1,0,0,1,0,0,0,1,0,0
"111","China",2004,2,2,0,0,2,0,0,2,0,4,0,1,2,1,0,1,2,1,0
"112","China",2005,4,0,0,0,4,0,0,0,0,4,0,0,4,0,1,1,0,1,1
"113","China",2006,1,0,0,0,1,0,0,0,0,1,0,0,1,0,0,0,0,1,0
"114","China",2009,1,0,0,0,1,0,0,0,0,1,0,0,1,0,1,0,0,0,0
"115","China",2010,1,0,0,0,1,0,0,0,0,1,0,0,1,0,0,0,0,1,0
"116","China",2011,2,0,0,0,2,0,0,0,0,2,0,0,2,0,0,0,0,2,0
"117","China",2012,1,0,0,0,1,0,0,0,0,1,0,0,1,0,0,0,1,0,0
"118","Cocos Is.",2001,0,1,0,0,0,0,0,1,1,0,0,1,0,0,0,0,0,1,0
"119","Colombia",1993,0,0,1,0,0,0,0,1,0,1,0,0,0,1,0,0,1,0,0
"120","Colombia",1996,2,1,0,0,2,0,0,1,0,3,0,1,2,0,0,0,0,0,3
"121","Colombia",1998,3,1,0,0,4,0,0,0,0,4,0,0,4,0,0,0,0,0,4
"122","Colombia",1999,2,1,0,1,2,0,0,0,1,2,0,0,3,0,0,0,0,0,3
"123","Colombia",2000,1,1,0,0,1,0,0,1,0,1,1,1,1,0,0,0,0,0,2
"124","Colombia",2001,0,1,0,0,0,0,0,1,0,1,0,1,0,0,0,0,0,1,0
"125","Colombia",2002,6,0,1,0,4,0,0,3,0,7,0,3,4,0,0,0,2,5,0
"126","Colombia",2003,6,2,0,0,7,0,0,1,0,8,0,1,7,0,1,0,3,4,0
"127","Colombia",2004,3,2,0,0,2,0,0,3,0,5,0,3,2,0,1,0,1,3,0
"128","Colombia",2005,2,0,0,0,2,0,0,0,0,2,0,0,2,0,0,0,1,1,0
"129","Colombia",2006,2,0,0,0,1,0,0,1,0,2,0,1,1,0,0,0,1,0,1
"130","Colombia",2008,1,0,0,0,1,0,0,0,0,0,1,0,1,0,1,0,0,0,0
"131","Colombia",2009,5,0,0,0,5,0,0,0,0,5,0,0,5,0,0,0,3,2,0
"132","Colombia",2010,3,0,0,0,2,0,0,1,0,3,0,1,2,0,1,0,1,1,0
"133","Colombia",2011,3,1,0,0,2,0,0,2,0,4,0,2,2,0,2,0,1,1,0
"134","Colombia",2012,3,2,0,0,4,0,0,1,0,5,0,1,4,0,1,1,1,2,0
"135","Colombia",2013,7,0,0,0,6,0,0,1,0,6,1,1,6,0,0,0,3,4,0
"136","Colombia",2014,2,0,0,0,2,0,0,0,0,2,0,0,2,0,0,0,0,2,0
"137","Comoros",2009,0,1,0,0,0,0,0,1,0,0,1,1,0,0,1,0,0,0,0
"138","Comoros",2010,0,1,0,0,1,0,0,0,0,1,0,0,1,0,0,0,0,1,0
"139","Comoros",2011,0,3,0,0,0,0,0,3,0,3,0,3,0,0,3,0,0,0,0
"140","Congo",2001,1,0,0,0,1,0,0,0,0,1,0,0,1,0,0,0,0,1,0
"141","Congo",2006,1,0,0,0,1,0,0,0,0,1,0,0,1,0,0,0,0,1,0
"142","Congo",2008,1,0,0,0,1,0,0,0,0,0,1,0,1,0,0,0,0,1,0
"143","Congo",2010,1,0,0,0,1,0,0,0,0,0,1,0,1,0,0,0,0,1,0
"144","Congo",2011,2,0,0,0,2,0,0,0,0,2,0,0,2,0,1,0,0,1,0
"145","Congo",2012,4,0,0,0,4,0,0,0,2,1,1,0,4,0,0,0,0,4,0
"146","Congo",2013,3,0,0,0,2,0,0,1,1,2,0,1,2,0,0,0,0,3,0
"147","Congo",2014,6,0,0,0,6,0,0,0,3,2,1,0,6,0,0,0,1,5,0
"148","Congo, DRC",2000,1,0,0,0,1,0,0,0,0,1,0,0,1,0,0,0,0,0,1
"149","Congo, DRC",2006,1,1,0,0,2,0,0,0,0,1,1,0,2,0,0,0,1,1,0
"150","Congo, DRC",2007,4,0,0,0,4,0,0,0,0,1,3,0,4,0,1,0,1,2,0
"151","Congo, DRC",2008,1,0,0,0,1,0,0,0,0,0,1,0,1,0,0,0,0,0,1
"152","Congo, DRC",2009,2,0,0,0,2,0,0,0,0,1,1,0,2,0,0,0,0,2,0
"153","Congo, DRC",2010,2,1,0,0,3,0,0,0,0,3,0,0,3,0,0,0,0,3,0
"154","Congo, DRC",2011,3,0,0,0,3,0,0,0,0,2,1,0,3,0,0,0,1,2,0
"155","Congo, DRC",2012,1,0,0,0,1,0,0,0,0,1,0,0,1,0,0,0,0,1,0
"156","Congo, DRC",2014,1,0,0,0,0,0,0,1,0,1,0,1,0,0,0,0,0,1,0
"157","Costa Rica",2002,0,1,0,0,0,0,0,1,0,1,0,1,0,0,1,0,0,0,0
"158","Costa Rica",2004,0,1,0,0,1,0,0,0,1,0,0,0,1,0,0,1,0,0,0
"159","Costa Rica",2009,2,0,0,0,2,0,0,0,0,2,0,0,2,0,0,0,2,0,0
"160","Costa Rica",2010,1,0,0,0,1,0,0,0,0,1,0,0,1,0,1,0,0,0,0
"161","Costa Rica",2011,3,0,0,0,3,0,0,0,0,3,0,0,3,0,0,0,0,3,0
"162","Costa Rica",2012,1,0,0,0,0,0,0,1,0,1,0,1,0,0,1,0,0,0,0
"163","Cote d'Ivoire",1994,0,0,1,0,1,0,0,0,0,1,0,0,1,0,0,0,1,0,0
"164","Cote d'Ivoire",1995,1,0,0,0,1,0,0,0,0,0,1,0,1,0,0,0,0,0,1
"165","Cote d'Ivoire",1996,3,0,0,0,2,0,0,1,0,3,0,1,2,0,0,0,2,1,0
"166","Cote d'Ivoire",1997,1,1,2,0,4,0,0,0,0,3,1,0,4,0,0,0,0,0,4
"167","Cote d'Ivoire",1998,1,0,0,0,1,0,0,0,0,1,0,0,1,0,0,0,0,0,1
"168","Cote d'Ivoire",1999,5,0,0,0,5,0,0,0,0,5,0,0,5,0,0,0,0,0,5
"169","Cote d'Ivoire",2000,5,0,0,0,4,0,0,1,0,5,0,1,4,0,0,0,0,0,5
"170","Cote d'Ivoire",2001,9,0,0,0,8,0,0,1,0,7,2,1,8,0,0,0,2,7,0
"171","Cote d'Ivoire",2002,5,0,0,0,5,0,0,0,1,3,1,0,5,0,0,0,1,3,1
"172","Cote d'Ivoire",2003,2,0,0,0,1,0,0,1,0,2,0,1,1,0,0,0,0,2,0
"173","Cote d'Ivoire",2004,4,0,0,0,3,0,0,1,0,4,0,1,3,0,0,0,2,2,0
"174","Cote d'Ivoire",2005,3,0,0,0,3,0,0,0,0,3,0,0,3,0,0,1,0,2,0
"175","Cote d'Ivoire",2006,1,0,0,0,1,0,0,0,0,1,0,0,1,0,0,0,1,0,0
"176","Cote d'Ivoire",2008,3,0,0,0,3,0,0,0,0,3,0,0,3,0,0,0,1,2,0
"177","Cote d'Ivoire",2009,2,0,0,0,2,0,0,0,0,2,0,0,2,0,0,0,1,1,0
"178","Cote d'Ivoire",2010,4,0,0,0,4,0,0,0,0,4,0,0,4,0,0,0,1,3,0
"179","Cote d'Ivoire",2011,1,0,0,0,1,0,0,0,0,1,0,0,1,0,0,0,0,1,0
"180","Cote d'Ivoire",2012,5,0,0,1,4,0,0,0,0,4,1,0,5,0,0,1,2,2,0
"181","Cote d'Ivoire",2013,2,1,1,2,2,0,0,0,0,4,0,0,4,0,1,0,2,1,0
"182","Cote d'Ivoire",2014,1,1,0,0,2,0,0,0,0,2,0,0,2,0,0,0,1,1,0
"183","Cuba",2003,3,1,0,2,2,0,0,0,1,1,2,0,4,0,0,0,1,1,2
"184","Democratic Republic of Sao Tome and Principe",2014,0,1,0,0,0,0,0,1,0,1,0,1,0,0,0,1,0,0,0
"185","Denmark",1995,0,1,0,0,0,0,0,1,1,0,0,0,1,0,0,0,0,0,1
"186","Djibouti",1994,0,0,1,1,0,0,0,0,0,1,0,0,1,0,0,0,0,1,0
"187","Djibouti",1995,0,0,1,1,0,0,0,0,1,0,0,0,1,0,0,0,0,0,1
"188","Djibouti",2000,0,2,0,0,0,0,0,2,0,2,0,2,0,0,0,0,0,0,2
"189","Djibouti",2004,0,1,0,0,0,0,0,1,0,1,0,1,0,0,0,0,1,0,0
"190","Djibouti",2005,0,1,0,0,0,0,0,1,0,0,1,1,0,0,0,1,0,0,0
"191","Djibouti",2009,0,2,0,0,0,0,0,2,0,2,0,2,0,0,1,0,0,1,0
"192","Djibouti",2010,0,1,0,0,0,1,0,0,0,1,0,1,0,0,0,0,0,1,0
"193","Djibouti",2011,0,3,0,0,0,0,0,3,1,2,0,3,0,0,1,1,1,0,0
"194","Djibouti",2012,0,2,0,0,0,0,0,2,0,2,0,2,0,0,1,0,0,1,0
"195","Dominican Republic",1996,1,0,0,0,1,0,0,0,0,1,0,0,1,0,0,0,1,0,0
"196","Dominican Republic",1998,1,0,1,0,2,0,0,0,0,2,0,0,2,0,0,0,0,0,2
"197","Dominican Republic",2000,4,0,0,0,4,0,0,0,0,2,2,0,4,0,0,0,0,0,4
"198","Dominican Republic",2002,6,1,0,0,7,0,0,0,0,6,1,0,7,0,0,0,1,6,0
"199","Dominican Republic",2004,2,0,0,0,2,0,0,0,0,2,0,0,2,0,0,0,0,2,0
"200","Dominican Republic",2012,1,0,0,0,1,0,0,0,0,1,0,0,1,0,1,0,0,0,0
"201","Dominican Republic",2013,1,0,0,0,1,0,0,0,0,1,0,0,1,0,0,0,0,1,0
"202","Ecuador",1994,0,0,3,0,3,0,0,0,0,3,0,0,3,0,0,2,1,0,0
"203","Ecuador",1996,3,0,0,0,3,0,0,0,0,3,0,0,3,0,0,0,0,0,3
"204","Ecuador",1997,3,1,4,0,6,0,0,2,0,5,3,2,6,0,0,0,0,1,7
"205","Ecuador",1998,7,0,2,0,8,0,0,1,0,7,2,1,8,0,0,0,0,0,9
"206","Ecuador",1999,2,0,0,0,2,0,0,0,0,1,1,0,2,0,0,0,0,0,2
"207","Ecuador",2000,7,5,0,0,9,1,0,2,0,8,4,3,9,0,0,0,0,0,12
"208","Ecuador",2001,4,4,0,0,6,0,0,2,0,8,0,2,6,0,0,0,4,4,0
"209","Ecuador",2002,6,5,0,0,8,0,0,3,0,9,2,3,8,0,2,0,5,4,0
"210","Ecuador",2003,0,2,0,0,0,0,0,2,0,2,0,2,0,0,1,0,1,0,0
"211","Ecuador",2004,1,0,0,0,1,0,0,0,0,1,0,0,1,0,0,0,1,0,0
"212","Ecuador",2006,1,0,0,0,1,0,0,0,0,1,0,0,1,0,0,0,0,1,0
"213","Ecuador",2008,2,0,0,0,2,0,0,0,1,0,1,0,2,0,0,1,0,1,0
"214","Ecuador",2009,0,2,0,0,2,0,0,0,0,1,1,0,2,0,0,1,1,0,0
"215","Ecuador",2010,2,0,0,0,2,0,0,0,0,1,1,0,2,0,0,0,0,2,0
"216","Ecuador",2011,3,3,0,0,6,0,0,0,0,6,0,0,6,0,1,0,3,2,0
"217","Ecuador",2012,1,3,0,0,3,0,0,1,0,4,0,1,3,0,0,0,3,1,0
"218","Ecuador",2013,0,3,0,0,2,0,0,1,0,3,0,1,2,0,1,0,0,2,0
"219","Egypt",1994,0,0,1,0,1,0,0,0,0,1,0,0,1,0,0,0,0,1,0
"220","Egypt",1998,1,1,0,0,2,0,0,0,1,1,0,0,2,0,0,0,0,0,2
"221","Egypt",1999,1,0,0,0,1,0,0,0,0,1,0,0,1,0,0,0,0,0,1
"222","Egypt",2000,1,0,0,0,1,0,0,0,0,1,0,0,1,0,0,0,0,0,1
"223","Egypt",2001,1,0,0,0,1,0,0,0,0,1,0,0,1,0,0,1,0,0,0
"224","Egypt",2006,1,0,0,0,1,0,0,0,1,0,0,0,1,0,0,0,1,0,0
"225","Egypt",2007,1,1,0,0,2,0,0,0,0,2,0,0,2,0,1,0,0,1,0
"226","Egypt",2010,2,0,0,0,2,0,0,0,0,1,1,0,2,0,1,0,0,1,0
"227","Egypt",2011,3,0,0,0,3,0,0,0,0,3,0,0,3,0,0,0,0,2,1
"228","Egypt",2012,7,0,0,0,6,0,0,1,0,6,1,1,6,0,0,1,1,5,0
"229","Egypt",2013,7,0,0,0,7,0,0,0,0,7,0,0,7,0,0,1,0,6,0
"230","El Salvador",2002,1,0,0,0,1,0,0,0,0,1,0,0,1,0,0,0,0,0,1
"231","El Salvador",2005,1,0,0,0,1,0,0,0,1,0,0,0,1,0,0,0,0,1,0
"232","Equatorial Guinea",2000,0,1,0,1,0,0,0,0,0,0,1,0,1,0,0,0,0,0,1
"233","Equatorial Guinea",2004,0,0,1,0,0,0,0,1,0,0,1,1,0,0,1,0,0,0,0
"234","Equatorial Guinea",2007,1,0,0,0,1,0,0,0,0,0,1,0,1,0,0,0,0,1,0
"235","Equatorial Guinea",2008,0,1,0,0,1,0,0,0,0,0,1,0,1,0,1,0,0,0,0
"236","Equatorial Guinea",2012,0,1,0,0,0,1,0,0,0,1,0,1,0,0,0,1,0,0,0
"237","Eritrea",1997,0,0,2,0,2,0,0,0,0,2,0,0,2,0,0,0,0,0,2
"238","Eritrea",2000,0,3,0,0,0,0,0,3,0,3,0,3,0,0,0,0,0,0,3
"239","Eritrea",2001,0,1,0,0,0,0,0,1,0,1,0,1,0,0,1,0,0,0,0
"240","Eritrea",2002,0,1,0,0,0,0,0,1,0,1,0,1,0,0,1,0,0,0,0
"241","Eritrea",2003,0,1,0,0,0,0,0,1,0,1,0,1,0,0,0,0,1,0,0
"242","Eritrea",2004,0,0,1,0,0,0,0,1,0,0,1,1,0,0,0,0,0,1,0
"243","Eritrea",2005,0,2,0,0,0,0,0,2,0,0,2,2,0,0,2,0,0,0,0
"244","Eritrea",2007,0,1,0,1,0,0,0,0,1,0,0,0,1,0,0,0,0,1,0
"245","Eritrea",2009,0,5,0,0,0,0,0,5,0,5,0,5,0,0,1,3,0,1,0
"246","Eritrea",2010,0,12,0,1,0,0,0,11,0,12,0,11,1,0,3,6,2,1,0
"247","Eritrea",2011,0,15,0,0,1,0,0,14,0,15,0,14,1,0,7,5,0,3,0
"248","Eritrea",2012,0,2,0,0,0,0,0,2,0,2,0,2,0,0,1,0,0,1,0
"249","France",1998,1,0,0,0,1,0,0,0,0,1,0,0,1,0,0,0,0,0,1
"250","France",2008,1,0,0,0,1,0,0,0,1,0,0,0,1,0,0,0,1,0,0
"251","French Guiana",2002,1,0,0,0,1,0,0,0,0,1,0,0,1,0,0,0,0,1,0
"252","French Southern & Antarctic Lands",2010,0,2,0,0,0,1,0,1,0,1,1,2,0,0,1,1,0,0,0
"253","French Southern & Antarctic Lands",2013,1,0,0,0,1,0,0,0,0,1,0,0,1,0,0,0,1,0,0
"254","Gabon",1995,0,1,0,0,1,0,0,0,0,1,0,0,1,0,0,0,0,0,1
"255","Gabon",1998,2,0,0,0,2,0,0,0,0,2,0,0,2,0,0,0,0,0,2
"256","Gabon",1999,3,0,0,0,3,0,0,0,0,2,1,0,3,0,0,0,0,0,3
"257","Gabon",2000,2,0,0,0,2,0,0,0,0,1,1,0,2,0,0,0,0,0,2
"258","Gabon",2001,3,0,0,0,3,0,0,0,0,3,0,0,3,0,0,0,0,3,0
"259","Gabon",2002,7,0,0,0,7,0,0,0,0,5,2,0,7,0,0,0,1,3,3
"260","Gabon",2011,1,0,0,0,1,0,0,0,0,1,0,0,1,0,0,0,1,0,0
"261","Gabon",2013,0,2,0,1,1,0,0,0,0,1,1,0,2,0,0,0,1,1,0
"262","Gabon",2014,0,1,0,0,1,0,0,0,0,1,0,0,1,0,0,0,0,1,0
"263","Georgia",1997,0,0,1,0,1,0,0,0,0,1,0,0,1,0,0,0,0,0,1
"264","Georgia",2002,1,0,0,0,1,0,0,0,0,1,0,0,1,0,0,0,1,0,0
"265","Ghana",1996,2,0,0,0,2,0,0,0,0,2,0,0,2,0,0,0,0,0,2
"266","Ghana",1997,0,1,0,1,0,0,0,0,0,1,0,0,1,0,0,0,0,0,1
"267","Ghana",1998,3,0,0,0,3,0,0,0,0,1,2,0,3,0,0,0,0,0,3
"268","Ghana",1999,2,1,0,0,2,0,0,1,0,2,1,1,2,0,0,0,0,0,3
"269","Ghana",2000,2,0,0,0,1,0,0,1,0,2,0,1,1,0,0,0,0,0,2
"270","Ghana",2001,5,0,0,0,5,0,0,0,0,3,2,0,5,0,0,0,0,4,1
"271","Ghana",2002,5,0,0,0,4,0,0,1,0,5,0,1,4,0,0,0,1,4,0
"272","Ghana",2003,3,0,0,0,1,0,0,2,0,3,0,2,1,0,0,0,0,3,0
"273","Ghana",2004,5,0,0,0,2,0,0,3,0,2,3,3,2,0,0,0,0,5,0
"274","Ghana",2005,3,0,0,0,2,0,0,1,0,2,1,1,2,0,0,0,0,3,0
"275","Ghana",2006,3,0,0,0,3,0,0,0,0,2,1,0,3,0,1,0,0,2,0
"276","Ghana",2007,1,0,0,0,1,0,0,0,0,1,0,0,1,0,0,0,1,0,0
"277","Ghana",2008,7,0,0,0,6,0,0,1,0,7,0,1,6,0,0,0,1,6,0
"278","Ghana",2009,3,0,0,0,3,0,0,0,0,3,0,0,3,0,0,0,1,2,0
"279","Ghana",2011,1,2,0,0,2,0,0,1,2,0,1,1,2,0,1,0,1,1,0
"280","Ghana",2012,2,1,0,1,2,0,0,0,0,1,2,0,3,0,0,0,2,1,0
"281","Ghana",2013,1,2,0,0,2,0,0,1,0,3,0,1,2,0,0,0,2,1,0
"282","Ghana",2014,2,1,1,3,1,0,0,0,3,1,0,0,4,0,0,1,1,2,0
"283","Greece",1996,1,0,0,0,1,0,0,0,1,0,0,0,1,0,0,0,0,0,1
"284","Greece",1997,0,1,0,0,0,0,0,1,0,0,1,0,1,0,0,0,0,0,1
"285","Greece",2000,1,0,0,1,0,0,0,0,1,0,0,0,1,0,0,0,0,0,1
"286","Greece",2011,0,1,0,0,1,0,0,0,0,1,0,0,1,0,0,1,0,0,0
"287","Guadeloupe-Martinique",2003,1,1,0,0,1,0,0,1,2,0,0,1,1,0,0,0,1,1,0
"288","Guinea-Bissau",1999,0,1,0,1,0,0,0,0,0,0,1,0,1,0,0,0,0,0,1
"289","Guinea-Bissau",2001,0,1,0,0,0,0,0,1,0,1,0,1,0,0,0,0,1,0,0
"290","Guinea-Bissau",2002,0,2,0,0,0,2,0,0,0,1,1,2,0,0,2,0,0,0,0
"291","Guinea-Bissau",2003,0,1,0,0,1,0,0,0,0,1,0,0,1,0,0,0,1,0,0
"292","Guinea-Bissau",2009,0,1,0,0,0,0,0,1,0,1,0,1,0,0,0,0,0,1,0
"293","Guinea",1995,0,1,0,0,1,0,0,0,0,1,0,0,1,0,0,0,0,0,1
"294","Guinea",1996,2,1,0,0,3,0,0,0,1,2,0,0,3,0,0,0,0,1,2
"295","Guinea",1997,1,1,0,0,0,0,0,2,0,1,1,2,0,0,0,0,0,0,2
"296","Guinea",1998,2,0,0,0,2,0,0,0,0,2,0,0,2,0,0,0,0,0,2
"297","Guinea",1999,3,3,0,0,4,0,0,2,0,6,0,2,4,0,0,0,0,0,6
"298","Guinea",2000,5,1,0,1,4,0,0,1,0,5,1,1,5,0,0,0,0,0,6
"299","Guinea",2001,1,3,0,0,2,0,0,2,0,3,1,2,2,0,0,0,1,2,1
"300","Guinea",2002,0,2,0,0,1,1,0,0,0,2,0,1,1,0,1,0,0,1,0
"301","Guinea",2003,2,1,0,0,2,0,0,1,0,3,0,1,2,0,1,0,0,2,0
"302","Guinea",2004,4,1,0,0,5,0,0,0,0,4,1,0,5,0,1,0,1,3,0
"303","Guinea",2005,1,0,0,0,1,0,0,0,0,1,0,0,1,0,0,0,0,1,0
"304","Guinea",2006,2,2,0,0,3,0,0,1,1,3,0,1,3,0,1,0,0,3,0
"305","Guinea",2007,2,1,0,0,3,0,0,0,0,3,0,0,3,0,1,0,1,1,0
"306","Guinea",2009,1,4,0,0,2,0,0,3,0,5,0,3,2,0,0,2,2,1,0
"307","Guinea",2010,4,2,0,0,6,0,0,0,0,5,1,0,6,0,0,1,1,4,0
"308","Guinea",2011,4,1,0,0,4,0,0,1,0,5,0,1,4,0,0,0,1,4,0
"309","Guinea",2012,2,1,0,0,3,0,0,0,0,3,0,0,3,0,0,0,0,3,0
"310","Guinea",2013,1,0,0,0,1,0,0,0,0,1,0,0,1,0,0,0,0,1,0
"311","Guyana",1993,0,0,1,0,0,0,0,1,0,0,1,0,0,1,0,1,0,0,0
"312","Guyana",1996,1,0,0,0,0,0,0,1,0,0,1,1,0,0,0,0,1,0,0
"313","Guyana",1998,2,0,0,0,2,0,0,0,0,2,0,0,2,0,0,0,0,0,2
"314","Guyana",2000,1,0,0,0,1,0,0,0,0,1,0,0,1,0,0,0,0,0,1
"315","Guyana",2002,7,4,0,0,9,0,0,2,0,10,1,2,9,0,3,0,2,5,1
"316","Guyana",2003,5,1,0,0,6,0,0,0,0,6,0,0,6,0,0,2,1,3,0
"317","Guyana",2004,1,1,0,0,2,0,0,0,0,1,1,0,2,0,1,0,0,1,0
"318","Guyana",2005,1,0,0,0,1,0,0,0,0,1,0,0,1,0,0,0,1,0,0
"319","Guyana",2006,1,0,0,0,1,0,0,0,0,1,0,0,1,0,0,0,1,0,0
"320","Guyana",2007,0,2,1,0,3,0,0,0,3,0,0,0,3,0,2,0,0,0,1
"321","Guyana",2010,2,0,0,0,2,0,0,0,0,1,1,0,2,0,0,0,1,1,0
"322","Guyana",2011,1,0,0,0,1,0,0,0,0,1,0,0,1,0,0,0,1,0,0
"323","Guyana",2013,2,0,0,0,2,0,0,0,0,2,0,0,2,0,1,0,0,1,0
"324","Guyana",2014,1,0,0,0,1,0,0,0,1,0,0,0,1,0,0,0,1,0,0
"325","Haiti",1997,1,0,1,0,2,0,0,0,0,2,0,0,2,0,0,0,0,0,2
"326","Haiti",1999,3,0,0,0,3,0,0,0,0,3,0,0,3,0,0,0,0,0,3
"327","Haiti",2000,0,1,0,1,0,0,0,0,1,0,0,0,1,0,0,0,0,0,1
"328","Haiti",2001,3,2,0,0,3,0,0,2,1,3,1,2,3,0,1,0,2,1,1
"329","Haiti",2003,7,0,0,0,7,0,0,0,1,6,0,0,7,0,1,0,1,4,1
"330","Haiti",2004,2,0,0,0,1,0,0,1,0,2,0,1,1,0,0,0,0,1,1
"331","Haiti",2005,3,0,0,0,3,0,0,0,0,2,1,0,3,0,0,0,1,2,0
"332","Haiti",2007,2,0,0,0,2,0,0,0,0,1,1,0,2,0,0,0,0,2,0
"333","Haiti",2008,2,0,0,0,2,0,0,0,0,1,1,0,2,0,0,0,1,1,0
"334","Haiti",2009,4,0,0,0,3,0,0,1,0,3,1,1,3,0,0,0,1,3,0
"335","Haiti",2010,5,0,0,0,3,0,0,2,0,3,2,2,3,0,0,0,2,3,0
"336","Haiti",2011,2,0,0,0,2,0,0,0,0,2,0,0,2,0,0,0,0,2,0
"337","Haiti",2012,2,0,0,0,2,0,0,0,0,2,0,0,2,0,0,0,1,1,0
"338","Honduras",2000,1,0,0,0,1,0,0,0,1,0,0,0,1,0,0,0,0,0,1
"339","Honduras",2003,1,0,0,0,1,0,0,0,0,1,0,0,1,0,0,0,0,1,0
"340","Honduras",2004,1,0,0,0,0,0,0,1,0,1,0,1,0,0,0,0,0,1,0
"341","India",1995,3,3,3,0,8,0,0,1,0,7,2,1,8,0,0,1,1,2,5
"342","India",1996,8,1,0,0,7,0,0,2,0,9,0,2,7,0,1,0,1,0,7
"343","India",1997,3,2,7,0,10,0,0,2,0,9,3,2,10,0,0,0,0,0,12
"344","India",1998,9,0,0,0,8,0,0,1,0,9,0,1,8,0,0,0,0,1,8
"345","India",1999,15,0,0,0,11,0,0,4,0,15,0,4,11,0,0,0,0,0,15
"346","India",2000,31,4,0,1,28,0,0,6,2,30,3,6,29,0,0,0,0,0,35
"347","India",2001,22,5,0,1,20,0,0,6,1,26,0,6,21,0,3,1,5,16,2
"348","India",2002,14,4,0,0,15,0,0,3,2,14,2,3,15,0,3,2,1,11,1
"349","India",2003,27,6,0,0,29,0,0,4,4,24,5,4,29,0,1,4,7,14,7
"350","India",2004,9,5,0,0,10,0,0,4,1,11,2,4,10,0,5,1,2,6,0
"351","India",2005,13,2,0,0,13,0,0,2,2,12,1,2,13,0,0,3,4,8,0
"352","India",2006,4,1,0,2,3,0,0,0,3,2,0,0,5,0,1,0,0,1,3
"353","India",2007,7,5,0,0,11,0,0,1,2,7,3,1,11,0,2,1,4,5,0
"354","India",2008,9,1,0,0,9,0,0,1,1,8,1,1,9,0,0,1,1,8,0
"355","India",2009,12,3,0,0,10,0,0,5,0,14,1,5,10,0,1,0,8,6,0
"356","India",2010,5,32,0,9,7,17,0,4,3,32,2,21,16,0,12,5,2,18,0
"357","India",2011,6,26,0,1,10,0,0,21,3,26,3,21,11,0,9,4,2,17,0
"358","India",2012,8,2,0,0,7,1,0,2,0,10,0,3,7,0,2,2,1,5,0
"359","India",2013,14,0,0,0,13,0,0,1,0,14,0,1,13,0,3,0,2,9,0
"360","India",2014,12,0,0,0,11,0,0,1,0,12,0,1,11,0,2,0,1,9,0
"361","Indonesia",1993,0,0,18,0,0,0,0,18,1,17,0,0,0,18,0,0,3,10,5
"362","Indonesia",1994,0,0,27,0,25,0,0,2,0,26,1,2,25,0,1,1,7,16,2
"363","Indonesia",1995,18,11,6,0,31,0,0,4,1,29,5,4,31,0,0,2,4,8,21
"364","Indonesia",1996,41,11,2,2,44,0,0,8,1,44,9,8,46,0,0,3,8,8,35
"365","Indonesia",1997,14,9,28,1,46,0,0,4,2,41,8,4,47,0,0,0,0,0,51
"366","Indonesia",1998,32,18,10,4,43,1,0,12,0,52,8,13,47,0,0,0,0,0,60
"367","Indonesia",1999,65,48,1,1,90,0,0,23,2,105,7,22,92,0,0,0,0,0,114
"368","Indonesia",2000,92,39,0,2,89,0,0,40,1,122,8,40,91,0,0,0,0,0,131
"369","Indonesia",2001,62,35,2,6,68,0,0,25,4,89,6,25,74,0,4,3,13,66,13
"370","Indonesia",2002,88,21,2,10,76,5,0,20,10,88,13,25,86,0,9,5,30,62,5
"371","Indonesia",2003,44,92,0,10,77,0,0,49,14,116,6,48,88,0,16,17,32,68,3
"372","Indonesia",2004,54,56,0,4,72,6,0,28,12,95,3,34,76,0,12,22,24,49,3
"373","Indonesia",2005,62,23,0,6,63,0,0,16,6,76,3,16,69,0,9,10,24,38,4
"374","Indonesia",2006,31,27,0,2,39,0,0,17,5,48,5,17,41,0,10,6,13,26,3
"375","Indonesia",2007,35,15,0,1,36,0,0,13,5,45,0,13,37,0,7,4,9,22,8
"376","Indonesia",2008,16,18,0,1,28,1,0,4,4,27,3,5,29,0,5,3,4,21,1
"377","Indonesia",2009,14,16,0,0,22,0,0,8,3,27,0,8,22,0,5,4,10,11,0
"378","Indonesia",2010,27,44,0,1,52,2,0,16,9,61,1,18,53,0,6,12,15,37,1
"379","Indonesia",2011,40,28,0,4,58,0,0,6,15,53,0,6,62,0,4,3,13,47,1
"380","Indonesia",2012,73,11,0,1,75,0,0,8,10,72,2,8,76,0,6,3,25,50,0
"381","Indonesia",2013,100,17,0,0,108,0,0,9,12,103,2,9,108,0,6,13,21,76,1
"382","Indonesia",2014,73,25,2,6,86,0,0,8,1,94,5,7,93,0,6,3,11,78,2
"383","Iran",1995,0,4,4,7,1,0,0,0,5,3,0,0,8,0,0,0,0,0,8
"384","Iran",1996,1,0,0,0,1,0,0,0,0,1,0,0,1,0,0,0,1,0,0
"385","Iran",1997,0,0,3,3,0,0,0,0,3,0,0,0,3,0,0,0,0,0,3
"386","Iran",1999,1,1,0,0,1,0,0,1,0,2,0,1,1,0,0,0,0,0,2
"387","Iran",2000,1,0,0,0,1,0,0,0,0,1,0,0,1,0,0,0,0,0,1
"388","Iran",2001,1,0,0,0,1,0,0,0,0,1,0,0,1,0,0,0,0,1,0
"389","Iran",2003,2,0,0,0,2,0,0,0,0,1,1,0,2,0,0,0,1,1,0
"390","Iran",2005,1,1,0,0,1,0,0,1,0,2,0,1,1,0,1,0,1,0,0
"391","Iran",2006,1,2,0,0,1,1,0,1,0,3,0,2,1,0,0,0,1,1,1
"392","Iran",2007,1,1,0,0,1,0,0,1,0,2,0,1,1,0,0,0,0,1,1
"393","Iran",2009,0,1,0,0,0,0,0,1,0,1,0,1,0,0,1,0,0,0,0
"394","Iran",2011,0,4,0,0,0,0,0,4,0,4,0,4,0,0,3,1,0,0,0
"395","Iran",2012,0,6,0,1,0,2,0,3,0,6,0,5,1,0,3,1,1,1,0
"396","Iraq",2001,2,0,0,0,2,0,0,0,0,2,0,0,2,0,0,0,0,1,1
"397","Iraq",2004,1,0,0,0,1,0,0,0,0,1,0,0,1,0,0,0,0,1,0
"398","Iraq",2005,8,1,0,0,9,0,0,0,1,8,0,0,9,0,1,0,3,4,1
"399","Iraq",2006,2,0,0,0,1,0,0,1,0,2,0,1,1,0,1,0,0,1,0
"400","Iraq",2007,1,2,0,0,2,0,0,1,0,3,0,1,2,0,2,0,1,0,0
"401","Iraq",2010,2,0,0,0,2,0,0,0,0,2,0,0,2,0,0,0,0,2,0
"402","Italy",1995,1,0,0,0,1,0,0,0,0,1,0,0,1,0,0,0,0,0,1
"403","Italy",1996,2,0,0,0,2,0,0,0,1,1,0,0,2,0,0,0,0,0,2
"404","Italy",1998,1,0,0,0,1,0,0,0,1,0,0,0,1,0,0,0,0,0,1
"405","Italy",1999,2,0,0,0,2,0,0,0,0,2,0,0,2,0,0,0,0,0,2
"406","Italy",2002,1,0,0,0,1,0,0,0,1,0,0,0,1,0,0,0,0,0,1
"407","Ivory ",2014,1,0,0,0,1,0,0,0,0,1,0,0,1,0,0,0,0,1,0
"408","Jamaica",1994,0,0,1,0,0,0,0,1,0,1,0,0,0,1,0,0,0,1,0
"409","Jamaica",1996,0,1,0,0,1,0,0,0,0,1,0,0,1,0,0,0,0,1,0
"410","Jamaica",1997,1,0,3,0,4,0,0,0,0,1,3,0,4,0,0,0,0,0,4
"411","Jamaica",1998,2,0,0,0,1,0,0,1,0,2,0,1,1,0,0,0,0,0,2
"412","Jamaica",1999,1,1,0,0,2,0,0,0,0,2,0,0,2,0,0,0,0,0,2
"413","Jamaica",2002,1,2,0,0,2,0,0,1,0,2,1,1,2,0,0,1,0,2,0
"414","Jamaica",2003,4,1,0,0,4,0,0,1,0,5,0,1,4,0,0,0,1,4,0
"415","Jamaica",2004,9,1,0,0,10,0,0,0,0,10,0,0,10,0,3,0,0,7,0
"416","Jamaica",2005,6,1,0,0,5,0,0,2,1,6,0,2,5,0,2,0,1,4,0
"417","Jamaica",2006,3,0,0,0,1,0,0,2,0,3,0,2,1,0,1,0,0,2,0
"418","Jamaica",2007,2,0,0,0,2,0,0,0,0,2,0,0,2,0,1,0,1,0,0
"419","Japan",1993,0,0,3,0,0,0,0,3,0,3,0,0,0,3,1,0,0,2,0
"420","Japan",2000,0,1,0,0,0,0,0,1,0,1,0,1,0,0,0,0,0,0,1
"421","Japan",2002,0,1,0,1,0,0,0,0,0,1,0,0,1,0,0,0,0,0,1
"422","Kazakhstan",2009,0,1,0,0,1,0,0,0,1,0,0,0,1,0,0,1,0,0,0
"423","Kenya",1998,5,0,2,0,7,0,0,0,0,4,3,0,7,0,0,0,0,0,7
"424","Kenya",2000,5,0,0,0,5,0,0,0,0,5,0,0,5,0,0,0,0,0,5
"425","Kenya",2002,1,1,0,0,2,0,0,0,0,2,0,0,2,0,0,0,1,1,0
"426","Kenya",2003,1,0,0,0,1,0,0,0,1,0,0,0,1,0,0,0,0,0,1
"427","Kenya",2004,1,0,0,0,1,0,0,0,1,0,0,0,1,0,0,1,0,0,0
"428","Kenya",2007,3,0,0,0,2,0,0,1,0,3,0,1,2,0,0,1,1,0,1
"429","Kenya",2008,1,2,0,0,0,2,0,1,0,2,1,3,0,0,0,2,0,1,0
"430","Kenya",2009,1,1,0,1,1,0,0,0,1,0,1,0,2,0,0,1,0,1,0
"431","Kenya",2010,0,11,0,2,1,6,0,2,0,11,0,8,3,0,2,5,1,3,0
"432","Kenya",2011,1,5,0,0,2,0,0,4,0,6,0,4,2,0,2,2,0,2,0
"433","Kenya",2012,1,0,0,0,1,0,0,0,0,1,0,0,1,0,0,0,0,1,0
"434","Kenya",2013,1,0,0,0,1,0,0,0,0,1,0,0,1,0,0,0,0,1,0
"435","Liberia",2003,1,0,0,0,1,0,0,0,0,1,0,0,1,0,1,0,0,0,0
"436","Liberia",2004,2,0,0,0,0,0,0,2,0,2,0,2,0,0,0,0,0,2,0
"437","Liberia",2007,1,0,0,1,0,0,0,0,0,0,1,0,1,0,0,1,0,0,0
"438","Liberia",2008,1,0,0,0,1,0,0,0,0,1,0,0,1,0,0,0,0,1,0
"439","Liberia",2010,1,0,0,0,1,0,0,0,0,1,0,0,1,0,0,0,1,0,0
"440","Liberia",2014,1,0,0,0,1,0,0,0,0,1,0,0,1,0,0,0,0,1,0
"441","Madagascar",1997,0,0,1,0,1,0,0,0,0,1,0,0,1,0,0,0,0,0,1
"442","Madagascar",2001,1,0,0,0,1,0,0,0,0,1,0,0,1,0,0,0,0,0,1
"443","Madagascar",2002,2,1,0,1,2,0,0,0,1,2,0,0,3,0,0,1,0,1,1
"444","Madagascar",2004,1,0,0,0,1,0,0,0,0,1,0,0,1,0,0,0,0,1,0
"445","Madagascar",2005,1,0,0,0,1,0,0,0,0,1,0,0,1,0,0,0,0,1,0
"446","Madagascar",2007,1,0,0,0,1,0,0,0,1,0,0,0,1,0,0,0,0,1,0
"447","Madagascar",2009,0,1,0,1,0,0,0,0,0,1,0,0,1,0,1,0,0,0,0
"448","Madagascar",2010,0,2,0,1,0,1,0,0,2,0,0,1,1,0,2,0,0,0,0
"449","Malaysia",1993,0,0,1,0,0,0,0,1,0,1,0,0,0,1,0,0,0,1,0
"450","Malaysia",1994,0,0,7,0,6,0,0,1,0,6,1,0,6,1,0,1,2,4,0
"451","Malaysia",1995,3,3,0,1,5,0,0,0,2,2,2,0,6,0,0,0,0,1,5
"452","Malaysia",1996,4,2,1,0,5,0,0,2,1,6,0,2,5,0,0,3,1,1,2
"453","Malaysia",1997,2,1,7,2,4,0,0,4,1,9,0,4,6,0,0,0,0,0,10
"454","Malaysia",1998,6,4,1,2,8,0,0,1,5,6,0,1,10,0,0,0,0,0,11
"455","Malaysia",1999,16,13,0,1,16,0,0,12,4,23,2,10,19,0,0,0,0,0,29
"456","Malaysia",2000,21,66,0,2,50,0,0,35,6,77,4,35,52,0,0,0,0,0,87
"457","Malaysia",2001,11,15,0,0,15,0,0,11,2,23,1,11,15,0,3,2,1,18,2
"458","Malaysia",2002,9,16,2,9,14,1,0,3,12,12,3,4,23,0,6,2,6,9,4
"459","Malaysia",2003,3,15,0,2,8,0,0,8,6,12,0,8,10,0,2,4,8,3,1
"460","Malaysia",2004,8,22,0,2,14,4,0,10,9,15,6,14,16,0,3,1,8,16,2
"461","Malaysia",2005,3,16,0,2,9,0,0,8,6,13,0,8,11,0,3,2,6,8,0
"462","Malaysia",2006,6,10,0,1,12,1,0,2,11,4,1,3,13,0,3,2,6,4,1
"463","Malaysia",2007,7,5,0,0,10,0,0,2,0,12,0,2,10,0,2,2,3,5,0
"464","Malaysia",2008,6,7,0,3,10,0,0,0,7,5,1,0,13,0,0,0,3,9,1
"465","Malaysia",2009,13,11,0,1,19,0,0,4,9,15,0,4,20,0,0,2,3,16,3
"466","Malaysia",2010,11,12,0,3,15,0,0,5,10,13,0,5,18,0,0,2,6,15,0
"467","Malaysia",2011,6,9,0,2,11,0,0,2,7,8,0,2,13,0,1,1,6,7,0
"468","Malaysia",2012,7,10,0,3,14,0,0,0,10,5,2,0,17,0,0,2,5,7,3
"469","Malaysia",2013,2,9,0,3,6,0,0,2,4,5,2,2,9,0,0,0,5,6,0
"470","Malaysia",2014,11,12,1,5,17,0,0,2,2,22,0,2,22,0,0,1,9,14,0
"471","Maldives",2010,0,16,0,3,1,12,0,0,1,15,0,12,4,0,5,3,0,7,1
"472","Maldives",2011,0,2,0,0,0,0,0,2,0,1,1,2,0,0,1,1,0,0,0
"473","Maldives",2012,0,1,0,1,0,0,0,0,0,1,0,0,1,0,0,0,0,1,0
"474","Malta",1997,0,0,1,0,1,0,0,0,0,0,1,0,1,0,0,0,0,0,1
"475","Mauritania",2000,1,0,0,0,1,0,0,0,1,0,0,0,1,0,0,0,0,0,1
"476","Mauritania",2004,3,0,0,0,3,0,0,0,0,1,2,0,3,0,1,0,0,2,0
"477","Mauritania",2005,1,0,0,0,1,0,0,0,0,1,0,0,1,0,0,0,1,0,0
"478","Mauritania",2006,0,1,0,0,0,0,0,1,0,0,1,1,0,0,0,0,0,1,0
"479","Mauritania",2013,1,0,0,0,1,0,0,0,0,0,1,0,1,0,0,0,0,1,0
"480","Mauritius",2009,0,1,0,0,0,0,0,1,0,1,0,1,0,0,0,0,0,1,0
"481","Mayotte",2011,0,1,0,0,0,0,0,1,0,1,0,1,0,0,1,0,0,0,0
"482","Mexico",1999,0,1,0,0,1,0,0,0,0,0,1,0,1,0,0,0,0,0,1
"483","Mexico",2001,0,1,0,0,1,0,0,0,1,0,0,0,1,0,0,0,0,0,1
"484","Morocco",1999,1,0,0,0,1,0,0,0,0,1,0,0,1,0,0,0,0,0,1
"485","Morocco",2000,0,1,0,0,0,0,0,1,0,1,0,1,0,0,0,0,0,0,1
"486","Morocco",2001,1,0,0,0,1,0,0,0,0,1,0,0,1,0,0,0,0,1,0
"487","Morocco",2005,1,0,0,0,1,0,0,0,0,1,0,0,1,0,0,0,0,1,0
"488","Morocco",2007,1,0,0,0,1,0,0,0,0,1,0,0,1,0,0,0,0,1,0
"489","Morocco",2008,1,0,0,0,0,0,0,1,0,1,0,1,0,0,0,0,1,0,0
"490","Morocco",2013,1,0,0,0,0,0,0,1,0,1,0,1,0,0,0,0,0,1,0
"491","Morocco",2014,1,0,0,0,1,0,0,0,0,1,0,0,1,0,0,0,0,1,0
"492","Mozambique",2000,2,0,0,0,2,0,0,0,0,2,0,0,2,0,0,0,0,0,2
"493","Mozambique",2002,1,0,0,0,1,0,0,0,0,1,0,0,1,0,0,0,0,1,0
"494","Mozambique",2003,1,0,0,0,1,0,0,0,0,1,0,0,1,0,0,0,1,0,0
"495","Mozambique",2007,3,0,0,0,2,0,0,1,0,3,0,1,2,0,0,0,1,2,0
"496","Mozambique",2008,2,0,0,0,2,0,0,0,0,2,0,0,2,0,0,0,0,2,0
"497","Mozambique",2010,0,3,0,1,0,1,0,1,1,2,0,2,1,0,1,1,0,0,1
"498","Mozambique",2011,0,1,0,0,0,0,0,1,0,0,1,1,0,0,1,0,0,0,0
"499","Mozambique",2012,2,1,0,0,2,0,0,1,0,3,0,1,2,0,1,0,2,0,0
"500","Mozambique",2013,1,0,0,0,1,0,0,0,0,1,0,0,1,0,0,0,1,0,0
"501","Mozambique",2014,1,0,0,0,1,0,0,0,0,1,0,0,1,0,0,0,0,1,0
"502","Myanmar",1997,0,0,2,1,0,0,0,1,0,1,1,1,1,0,0,0,0,0,2
"503","Myanmar",1999,1,0,0,0,1,0,0,0,0,1,0,0,1,0,0,0,0,0,1
"504","Myanmar",2000,1,4,0,0,0,1,0,4,0,4,1,5,0,0,0,0,0,0,5
"505","Myanmar",2001,0,3,0,0,1,0,0,2,1,2,0,2,1,0,0,0,0,2,1
"506","Myanmar",2004,0,1,0,0,1,0,0,0,1,0,0,0,1,0,0,0,0,0,1
"507","Myanmar",2008,1,0,0,0,0,0,0,1,0,1,0,1,0,0,0,0,0,1,0
"508","Myanmar",2009,1,0,0,0,1,0,0,0,0,1,0,0,1,0,0,0,1,0,0
"509","Myanmar",2011,1,0,0,0,1,0,0,0,0,1,0,0,1,0,0,0,1,0,0
"510","Myanmar",2013,1,0,0,0,1,0,0,0,0,1,0,0,1,0,0,0,1,0,0
"511",NA,2014,0,12,1,2,7,0,0,4,3,9,1,4,9,0,5,3,1,2,2
"512","Netherlands",1997,0,0,1,0,1,0,0,0,1,0,0,0,1,0,0,0,0,0,1
"513","Netherlands",2007,1,0,0,0,0,0,0,1,0,1,0,1,0,0,0,1,0,0,0
"514","Nigeria",1993,1,0,2,0,0,0,0,3,0,3,0,0,0,3,0,0,0,3,0
"515","Nigeria",1995,0,1,1,0,2,0,0,0,1,1,0,0,2,0,0,0,0,0,2
"516","Nigeria",1996,0,2,0,0,2,0,0,0,0,0,2,0,2,0,0,0,0,1,1
"517","Nigeria",1997,1,2,6,1,6,0,0,2,1,6,2,2,7,0,0,0,0,0,9
"518","Nigeria",1998,1,0,0,0,1,0,0,0,0,1,0,0,1,0,0,0,0,0,1
"519","Nigeria",1999,4,5,1,1,7,0,0,2,2,7,1,2,8,0,0,0,0,0,10
"520","Nigeria",2000,5,4,0,0,7,2,0,0,1,3,5,2,7,0,0,0,0,0,9
"521","Nigeria",2001,16,3,0,0,16,0,0,3,1,18,0,3,16,0,0,0,1,17,1
"522","Nigeria",2002,12,1,1,1,11,0,0,2,1,12,1,2,12,0,0,1,1,9,3
"523","Nigeria",2003,26,13,0,1,35,0,0,3,1,28,10,3,36,0,5,3,6,16,9
"524","Nigeria",2004,19,6,2,0,22,0,0,5,1,18,8,5,22,0,4,2,3,14,4
"525","Nigeria",2005,15,1,0,0,15,0,0,1,0,14,2,1,15,0,1,0,2,11,2
"526","Nigeria",2006,5,6,1,1,7,0,0,4,3,6,3,3,9,0,2,0,4,5,1
"527","Nigeria",2007,28,9,3,1,33,0,0,6,2,31,7,6,34,0,5,4,7,22,2
"528","Nigeria",2008,25,14,0,3,25,6,0,5,2,29,8,10,29,0,3,6,10,18,2
"529","Nigeria",2009,18,10,0,1,21,0,0,6,1,24,3,6,22,0,2,0,16,10,0
"530","Nigeria",2010,7,11,0,0,12,3,0,3,3,12,3,6,12,0,2,5,5,6,0
"531","Nigeria",2011,3,8,0,2,6,0,0,3,2,9,0,3,8,0,1,1,6,2,1
"532","Nigeria",2012,4,21,0,4,12,7,0,2,1,16,8,9,16,0,7,2,9,6,1
"533","Nigeria",2013,7,22,0,2,12,0,0,15,1,22,6,15,14,0,8,5,10,5,1
"534","Nigeria",2014,5,13,0,1,7,0,0,10,2,16,0,10,8,0,3,3,6,6,0
"535","Oman",1999,0,1,0,0,0,0,0,1,0,1,0,1,0,0,0,0,0,0,1
"536","Oman",2000,1,0,0,0,0,0,0,1,0,1,0,1,0,0,0,0,0,0,1
"537","Oman",2002,0,1,0,0,0,0,0,1,0,0,1,1,0,0,1,0,0,0,0
"538","Oman",2004,0,0,1,0,0,0,0,1,0,0,1,1,0,0,0,1,0,0,0
"539","Oman",2005,0,1,0,0,0,0,0,1,0,1,0,1,0,0,1,0,0,0,0
"540","Oman",2006,0,1,0,0,0,0,0,1,0,1,0,1,0,0,0,0,0,1,0
"541","Oman",2007,0,3,0,0,0,0,0,3,1,2,0,3,0,0,0,2,1,0,0
"542","Oman",2009,0,4,0,1,0,0,0,3,0,4,0,3,1,0,0,4,0,0,0
"543","Oman",2010,0,22,0,6,3,9,0,4,0,21,1,13,9,0,7,6,2,7,0
"544","Oman",2011,1,61,0,14,6,0,0,42,1,60,1,42,20,0,30,17,2,13,0
"545","Oman",2012,0,21,0,6,2,4,0,9,1,16,4,13,8,0,7,6,2,6,0
"546","Oman",2014,0,2,0,0,0,0,0,2,0,2,0,2,0,0,0,2,0,0,0
"547","Pakistan",1993,1,0,0,0,0,0,0,1,0,1,0,0,0,1,0,1,0,0,0
"548","Pakistan",2000,0,1,0,0,0,0,0,1,0,1,0,1,0,0,0,0,0,0,1
"549","Pakistan",2004,0,0,1,0,0,0,0,1,0,0,1,1,0,0,1,0,0,0,0
"550","Pakistan",2011,0,5,0,1,1,0,0,3,0,5,0,3,2,0,2,1,1,1,0
"551","Pakistan",2012,0,1,0,0,0,0,0,1,0,1,0,1,0,0,0,1,0,0,0
"552","Panama",1995,1,0,1,0,2,0,0,0,1,0,1,0,2,0,0,0,0,0,2
"553","Panama",2000,1,0,0,0,0,0,0,1,0,1,0,1,0,0,0,0,0,0,1
"554","Panama",2002,0,1,1,0,2,0,0,0,1,0,1,0,2,0,0,0,0,1,1
"555","Panama",2003,1,1,0,0,1,0,0,1,1,1,0,1,1,0,0,0,1,0,1
"556","Papua New Guinea",1994,0,0,1,0,0,0,0,1,1,0,0,1,0,0,1,0,0,0,0
"557","Papua New Guinea",1997,0,0,1,0,1,0,0,0,1,0,0,0,1,0,0,0,0,0,1
"558","Papua New Guinea",1998,1,1,1,0,2,1,0,0,2,1,0,1,2,0,0,0,0,0,3
"559","Papua New Guinea",2001,0,1,0,0,1,0,0,0,0,1,0,0,1,0,1,0,0,0,0
"560","Papua New Guinea",2002,1,0,0,0,1,0,0,0,1,0,0,0,1,0,0,1,0,0,0
"561","Papua New Guinea",2007,0,1,0,0,1,0,0,0,0,0,1,0,1,0,0,0,0,1,0
"562","Paracel Islands",1993,0,0,4,0,0,0,0,4,0,2,2,0,0,4,0,0,2,1,1
"563","Paracel Islands",1994,0,0,4,1,1,0,0,2,0,4,0,1,2,1,0,0,0,3,1
"564","Paracel Islands",1995,0,2,0,0,0,0,0,2,0,1,1,2,0,0,1,0,0,0,1
"565","Paracel Islands",1997,0,1,0,1,0,0,0,0,0,1,0,0,1,0,0,0,0,0,1
"566","Paracel Islands",2000,0,2,0,0,0,0,0,2,0,2,0,2,0,0,0,0,0,0,2
"567","Paracel Islands",2001,0,2,0,0,0,0,0,2,0,2,0,2,0,0,0,0,1,1,0
"568","Paracel Islands",2004,0,1,0,0,0,0,0,1,0,1,0,1,0,0,0,0,0,1,0
"569","Peru (Peruvian point of view)",1995,1,0,0,0,1,0,0,0,0,1,0,0,1,0,0,0,0,0,1
"570","Peru (Peruvian point of view)",1996,2,0,0,0,2,0,0,0,0,2,0,0,2,0,0,0,0,2,0
"571","Peru (Peruvian point of view)",1997,0,1,0,0,1,0,0,0,0,0,1,0,1,0,0,0,0,0,1
"572","Peru (Peruvian point of view)",1998,1,0,0,0,1,0,0,0,0,1,0,0,1,0,0,0,0,0,1
"573","Peru (Peruvian point of view)",1999,2,0,0,0,2,0,0,0,0,0,2,0,2,0,0,0,0,0,2
"574","Peru (Peruvian point of view)",2000,4,0,0,0,4,0,0,0,0,4,0,0,4,0,0,0,0,0,4
"575","Peru (Peruvian point of view)",2001,1,0,0,0,0,0,0,1,0,1,0,1,0,0,0,0,0,1,0
"576","Peru (Peruvian point of view)",2002,6,0,0,0,5,0,0,1,0,5,1,1,5,0,1,1,1,3,0
"577","Peru (Peruvian point of view)",2003,7,0,0,0,7,0,0,0,0,7,0,0,7,0,0,0,3,4,0
"578","Peru (Peruvian point of view)",2004,5,0,0,0,4,0,0,1,0,4,1,1,4,0,0,0,2,3,0
"579","Peru (Peruvian point of view)",2005,6,0,0,0,6,0,0,0,0,6,0,0,6,0,0,0,3,3,0
"580","Peru (Peruvian point of view)",2006,9,0,0,0,9,0,0,0,0,9,0,0,9,0,1,2,1,3,2
"581","Peru (Peruvian point of view)",2007,5,1,0,0,4,0,0,2,0,6,0,2,4,0,0,0,4,2,0
"582","Peru (Peruvian point of view)",2008,5,0,0,0,4,0,0,1,0,5,0,1,4,0,0,0,3,2,0
"583","Peru (Peruvian point of view)",2009,13,0,0,0,12,0,0,1,0,12,1,1,12,0,0,1,8,4,0
"584","Peru (Peruvian point of view)",2010,10,1,0,0,10,0,0,1,0,9,2,1,10,0,0,0,6,5,0
"585","Peru (Peruvian point of view)",2011,2,0,0,0,2,0,0,0,0,2,0,0,2,0,0,0,1,1,0
"586","Peru (Peruvian point of view)",2012,3,0,0,0,2,0,0,1,0,3,0,1,2,0,0,0,2,1,0
"587","Peru (Peruvian point of view)",2013,4,0,0,0,3,0,0,1,0,4,0,1,3,0,1,0,0,3,0
"588","Philippines",1993,0,0,9,0,0,0,0,9,0,9,0,0,0,9,1,3,2,3,0
"589","Philippines",1994,0,0,11,1,5,0,0,5,1,9,1,5,6,0,0,2,1,6,2
"590","Philippines",1995,1,10,1,0,2,0,0,10,1,6,5,10,2,0,1,1,2,2,6
"591","Philippines",1996,3,3,2,0,5,1,0,2,2,6,0,3,5,0,0,0,1,3,4
"592","Philippines",1997,2,4,7,2,8,0,0,3,4,6,3,3,10,0,0,0,0,0,13
"593","Philippines",1998,3,8,4,1,5,4,0,5,3,12,0,9,6,0,0,0,0,0,15
"594","Philippines",1999,6,2,0,0,5,0,0,3,0,7,1,3,5,0,0,0,0,0,8
"595","Philippines",2000,6,4,0,0,2,2,0,6,0,6,4,7,3,0,0,0,0,0,10
"596","Philippines",2001,2,12,0,6,4,0,0,4,8,6,0,4,10,0,2,0,0,4,8
"597","Philippines",2002,5,5,0,0,5,1,0,4,1,8,1,5,5,0,2,0,4,3,1
"598","Philippines",2003,7,5,0,0,7,0,0,5,3,8,1,5,7,0,1,1,2,6,2
"599","Philippines",2004,0,4,0,0,2,0,0,2,3,1,0,2,2,0,0,2,1,0,1
"600","Philippines",2005,0,1,0,0,0,0,0,1,0,1,0,1,0,0,0,1,0,0,0
"601","Philippines",2006,2,4,0,1,3,0,0,2,3,3,0,2,4,0,1,0,2,3,0
"602","Philippines",2007,5,1,0,0,5,0,0,1,1,5,0,1,5,0,2,1,0,3,0
"603","Philippines",2008,3,4,0,1,4,0,0,2,2,5,0,2,5,0,1,2,0,4,0
"604","Philippines",2009,0,1,0,0,1,0,0,0,0,1,0,0,1,0,0,1,0,0,0
"605","Philippines",2010,4,1,0,0,4,0,0,1,0,5,0,1,4,0,1,1,1,2,0
"606","Philippines",2011,3,2,0,0,3,0,0,2,0,5,0,2,3,0,1,1,2,1,0
"607","Philippines",2012,2,0,0,0,2,0,0,0,0,2,0,0,2,0,0,1,0,1,0
"608","Philippines",2013,3,0,0,0,3,0,0,0,0,3,0,0,3,0,0,1,0,2,0
"609","Philippines",2014,4,2,0,1,4,1,0,0,2,4,0,0,6,0,0,0,3,3,0
"610","Portugal",1997,0,0,1,0,1,0,0,0,1,0,0,0,1,0,0,0,0,0,1
"611","Russia",1995,0,0,1,0,1,0,0,0,0,0,1,0,1,0,0,0,0,0,1
"612","Russia",1997,0,0,1,0,0,0,0,1,1,0,0,1,0,0,0,0,0,0,1
"613","Sao Tome & Principe",2001,0,1,0,0,0,0,0,1,0,1,0,1,0,0,0,0,0,1,0
"614","Sao Tome & Principe",2013,0,1,0,0,0,0,0,1,0,1,0,1,0,0,0,0,0,1,0
"615","Saudi Arabia",2001,1,0,0,0,0,0,0,1,1,0,0,0,1,0,0,0,0,0,1
"616","Saudi Arabia",2006,0,1,0,0,1,0,0,0,1,0,0,0,1,0,0,0,0,0,1
"617","Senegal",1994,0,0,1,0,1,0,0,0,0,1,0,0,1,0,0,0,0,1,0
"618","Senegal",1996,2,0,0,0,1,0,0,1,0,2,0,1,1,0,0,0,0,0,2
"619","Senegal",1997,0,2,3,0,5,0,0,0,0,2,3,0,5,0,0,0,0,0,5
"620","Senegal",1998,1,1,0,0,2,0,0,0,0,1,1,0,2,0,0,0,0,0,2
"621","Senegal",1999,0,1,0,0,1,0,0,0,0,1,0,0,1,0,0,0,0,0,1
"622","Senegal",2001,0,1,0,0,0,0,0,1,1,0,0,1,0,0,0,0,0,0,1
"623","Senegal",2002,2,1,0,0,2,0,0,1,0,3,0,1,2,0,0,0,0,3,0
"624","Senegal",2003,3,5,0,0,7,0,0,1,0,6,2,1,7,0,0,0,0,6,2
"625","Senegal",2004,2,3,0,0,5,0,0,0,0,5,0,0,5,0,1,0,2,2,0
"626","Seychelles",1996,0,1,0,1,0,0,0,0,1,0,0,0,1,0,0,0,0,0,1
"627","Seychelles",1998,0,1,0,0,1,0,0,0,0,1,0,0,1,0,0,0,0,0,1
"628","Seychelles",1999,0,2,0,0,2,0,0,0,0,2,0,0,2,0,0,0,0,0,2
"629","Seychelles",2005,0,2,0,0,0,0,0,2,0,2,0,2,0,0,1,0,0,1,0
"630","Seychelles",2007,0,2,0,0,0,0,0,2,0,1,1,2,0,0,1,0,0,1,0
"631","Seychelles",2008,1,4,0,1,1,3,0,0,2,3,0,3,2,0,3,0,2,0,0
"632","Seychelles",2009,0,45,0,17,0,0,0,28,6,34,5,28,17,0,9,13,4,17,2
"633","Seychelles",2010,0,16,0,3,1,9,0,3,2,13,1,12,4,0,8,2,3,3,0
"634","Seychelles",2011,0,15,0,4,0,0,0,11,5,8,2,11,4,0,5,4,3,2,1
"635","Seychelles",2012,0,2,0,0,0,1,0,1,0,2,0,2,0,0,1,0,0,1,0
"636","Seychelles",2013,0,2,0,0,0,0,0,2,0,2,0,2,0,0,0,1,0,1,0
"637","Sierra Leone",1996,1,0,0,0,1,0,0,0,0,0,1,0,1,0,0,0,0,0,1
"638","Sierra Leone",1997,0,0,4,0,4,0,0,0,1,3,0,0,4,0,0,0,0,0,4
"639","Sierra Leone",2001,2,0,0,0,2,0,0,0,0,1,1,0,2,0,0,0,0,2,0
"640","Sierra Leone",2002,0,1,0,0,0,1,0,0,1,0,0,1,0,0,0,0,0,0,1
"641","Sierra Leone",2004,3,0,0,0,2,0,0,1,0,3,0,1,2,0,0,0,0,3,0
"642","Sierra Leone",2006,1,1,0,0,2,0,0,0,2,0,0,0,2,0,0,0,0,2,0
"643","Sierra Leone",2007,0,1,0,0,1,0,0,0,0,1,0,0,1,0,1,0,0,0,0
"644","Sierra Leone",2011,1,0,0,0,1,0,0,0,0,1,0,0,1,0,0,0,0,1,0
"645","Sierra Leone",2012,1,0,0,0,1,0,0,0,0,0,1,0,1,0,0,0,0,1,0
"646","Sierra Leone",2013,2,0,0,0,2,0,0,0,0,2,0,0,2,0,0,0,1,1,0
"647","Sierra Leone",2014,1,0,0,0,1,0,0,0,0,1,0,0,1,0,0,0,0,1,0
"648","Singapore",1999,0,3,0,0,3,0,0,0,0,3,0,0,3,0,0,0,0,0,3
"649","Singapore",2000,1,0,0,1,0,0,0,0,1,0,0,0,1,0,0,0,0,0,1
"650","Singapore",2009,0,1,0,0,1,0,0,0,1,0,0,0,1,0,0,0,0,1,0
"651","Singapore",2011,0,2,0,1,1,0,0,0,2,0,0,0,2,0,0,0,1,0,1
"652","Singapore",2012,1,0,0,0,1,0,0,0,0,1,0,0,1,0,0,0,0,1,0
"653","Singapore",2013,0,1,0,0,1,0,0,0,1,0,0,0,1,0,0,0,1,0,0
"654","Solomon Is.",1997,1,0,0,0,1,0,0,0,1,0,0,0,1,0,0,0,0,0,1
"655","Solomon Is.",1999,0,1,0,0,1,0,0,0,1,0,0,0,1,0,0,0,0,0,1
"656","Solomon Is.",2000,1,1,0,1,1,0,0,0,1,1,0,0,2,0,0,0,0,0,2
"657","Solomon Is.",2002,1,1,0,0,1,0,0,1,1,1,0,1,1,0,0,1,1,0,0
"658","Solomon Is.",2007,1,0,0,0,1,0,0,0,1,0,0,0,1,0,0,0,0,1,0
"659","Somalia",1993,0,0,1,0,0,0,0,1,1,0,0,0,0,1,0,1,0,0,0
"660","Somalia",1995,0,10,0,3,1,0,0,6,2,3,5,6,4,0,2,1,0,0,7
"661","Somalia",1997,0,2,2,1,2,0,0,1,2,1,1,1,3,0,0,0,0,0,4
"662","Somalia",1998,1,7,1,5,0,3,0,1,1,5,3,3,6,0,0,0,0,0,9
"663","Somalia",1999,1,9,2,2,3,0,0,7,6,6,0,6,6,0,0,0,0,0,12
"664","Somalia",2000,1,3,0,1,1,1,0,1,2,1,1,2,2,0,0,0,0,0,4
"665","Somalia",2001,1,7,0,2,0,0,1,5,2,4,2,5,3,0,2,3,0,0,3
"666","Somalia",2002,3,2,0,3,1,1,0,0,0,5,0,1,4,0,3,1,1,0,0
"667","Somalia",2003,0,5,0,0,1,0,0,4,0,5,0,4,1,0,3,1,0,1,0
"668","Somalia",2004,1,2,0,0,1,1,0,1,1,2,0,2,1,0,1,0,2,0,0
"669","Somalia",2005,4,29,0,14,1,0,0,18,5,22,6,18,15,0,9,10,3,4,7
"670","Somalia",2006,0,11,0,5,0,4,0,2,1,8,2,6,5,0,2,1,4,4,0
"671","Somalia",2007,4,23,2,12,0,0,0,17,4,22,3,17,12,0,2,1,8,18,0
"672","Somalia",2008,0,23,0,12,0,8,0,3,5,14,4,11,12,0,6,8,1,6,2
"673","Somalia",2009,0,22,0,8,1,0,0,13,4,15,3,13,9,0,5,7,0,7,3
"674","Somalia",2010,0,10,0,2,0,6,0,2,3,3,4,8,2,0,3,3,1,2,1
"675","Somalia",2011,0,11,0,1,1,0,0,9,5,6,0,9,2,0,4,0,1,5,1
"676","Somalia",2012,1,5,0,3,0,3,0,0,2,2,2,3,3,0,1,1,0,3,1
"677","Somalia",2013,0,6,0,2,0,0,0,4,1,4,1,4,2,0,4,1,0,1,0
"678","Somalia",2014,0,3,0,0,0,0,0,3,0,2,1,3,0,0,0,1,1,1,0
"679","South Africa",2000,1,0,0,0,1,0,0,0,0,1,0,0,1,0,0,0,0,0,1
"680","South Africa",2001,0,1,0,0,0,0,0,1,0,1,0,1,0,0,1,0,0,0,0
"681","South Africa",2003,0,1,0,0,0,0,0,1,0,0,1,1,0,0,1,0,0,0,0
"682","South Korea",1993,0,0,6,0,0,0,0,6,0,3,3,0,0,6,2,1,2,1,0
"683","South Korea",1994,0,0,1,0,0,0,0,1,0,1,0,1,0,0,0,0,0,1,0
"684","Spratly Islands",1994,0,0,2,0,0,0,0,2,0,1,1,2,0,0,0,1,0,1,0
"685","Spratly Islands",1995,0,1,0,1,0,0,0,0,0,1,0,0,1,0,1,0,0,0,0
"686","Spratly Islands",1996,4,1,0,1,2,0,0,2,0,5,0,2,3,0,0,1,1,0,3
"687","Spratly Islands",2000,0,1,0,0,1,0,0,0,1,0,0,0,1,0,0,0,0,0,1
"688","Spratly Islands",2001,0,1,0,1,0,0,0,0,0,1,0,0,1,0,0,0,0,0,1
"689","Spratly Islands",2006,0,1,0,0,1,0,0,0,1,0,0,0,1,0,0,0,0,1,0
"690","Spratly Islands",2007,0,1,0,0,1,0,0,0,1,0,0,0,1,0,0,0,0,1,0
"691","Spratly Islands",2012,1,0,0,0,1,0,0,0,0,1,0,0,1,0,0,0,0,1,0
"692","Sri Lanka",1993,0,0,2,0,0,0,0,2,0,2,0,0,0,2,0,0,1,1,0
"693","Sri Lanka",1994,0,0,1,0,1,0,0,0,0,1,0,0,1,0,0,0,0,1,0
"694","Sri Lanka",1995,5,0,0,0,5,0,0,0,0,4,1,0,5,0,0,0,0,1,4
"695","Sri Lanka",1996,7,1,0,0,4,0,0,4,0,5,3,4,4,0,1,0,1,1,5
"696","Sri Lanka",1997,6,1,5,2,7,0,0,3,0,8,4,3,9,0,0,0,0,0,12
"697","Sri Lanka",1998,0,2,0,0,2,0,0,0,0,2,0,0,2,0,0,0,0,0,2
"698","Sri Lanka",1999,5,1,0,0,5,0,0,1,0,5,1,1,5,0,0,0,0,0,6
"699","Sri Lanka",2000,2,2,0,0,3,0,0,1,0,3,1,1,3,0,0,0,0,0,4
"700","Sri Lanka",2001,0,1,0,0,0,0,0,1,0,1,0,1,0,0,0,0,0,0,1
"701","Sri Lanka",2002,1,0,1,0,2,0,0,0,1,1,0,0,2,0,0,0,1,0,1
"702","Sri Lanka",2003,0,1,0,0,1,0,0,0,1,0,0,0,1,0,0,0,0,0,1
"703","Sri Lanka",2006,1,0,0,1,0,0,0,0,0,1,0,0,1,0,0,0,0,0,1
"704","Sri Lanka",2007,0,4,0,0,0,0,0,4,1,3,0,4,0,0,1,0,2,1,0
"705","Sri Lanka",2008,0,1,0,0,0,0,0,1,1,0,0,1,0,0,1,0,0,0,0
"706","Sri Lanka",2009,1,0,0,0,1,0,0,0,0,1,0,0,1,0,0,0,0,1,0
"707","St. Lucia",2003,0,2,0,0,0,0,0,2,0,2,0,2,0,0,1,0,0,1,0
"708","Sudan",2007,0,2,0,0,0,0,0,2,0,0,2,2,0,0,0,0,0,2,0
"709","Suriname",2007,0,3,1,0,4,0,0,0,4,0,0,0,4,0,1,0,0,3,0
"710","Taiwan",1993,0,0,14,0,0,0,0,14,2,9,3,0,0,14,2,2,3,3,4
"711","Taiwan",1994,0,0,4,0,1,0,0,3,0,4,0,3,1,0,0,1,1,2,0
"712","Taiwan",1995,0,2,0,0,2,0,0,0,1,1,0,0,2,0,0,0,0,1,1
"713","Taiwan",1996,0,1,0,0,0,0,0,1,0,1,0,1,0,0,0,0,0,0,1
"714","Taiwan",1997,0,1,0,0,0,0,0,1,0,1,0,1,0,0,0,0,0,0,1
"715","Taiwan",1998,0,4,0,2,1,0,0,1,0,4,0,1,3,0,0,0,0,0,4
"716","Taiwan",2001,0,1,0,0,0,0,0,1,0,1,0,1,0,0,0,0,0,1,0
"717","Taiwan",2002,0,1,0,1,0,0,0,0,1,0,0,0,1,0,1,0,0,0,0
"718","Taiwan",2003,0,2,0,0,0,0,0,2,0,1,1,2,0,0,0,1,1,0,0
"719","Tanzania",1993,0,0,2,0,0,0,0,2,0,1,1,0,0,2,0,0,0,2,0
"720","Tanzania",1995,2,0,0,0,2,0,0,0,0,0,2,0,2,0,0,1,0,0,1
"721","Tanzania",1996,3,0,0,0,2,0,0,1,0,3,0,1,2,0,0,0,1,0,2
"722","Tanzania",1997,0,0,3,0,3,0,0,0,0,2,1,0,3,0,0,0,0,0,3
"723","Tanzania",1998,3,0,0,0,3,0,0,0,0,3,0,0,3,0,0,0,0,0,3
"724","Tanzania",1999,2,1,0,0,3,0,0,0,0,3,0,0,3,0,0,0,0,0,3
"725","Tanzania",2000,2,0,0,0,1,0,0,1,0,2,0,1,1,0,0,0,0,0,2
"726","Tanzania",2001,7,0,0,0,5,0,0,2,0,6,1,2,5,0,0,0,1,6,0
"727","Tanzania",2002,3,0,0,0,3,0,0,0,0,3,0,0,3,0,0,0,1,2,0
"728","Tanzania",2003,4,1,0,0,4,0,0,1,0,4,1,1,4,0,0,1,0,4,0
"729","Tanzania",2004,1,1,0,0,2,0,0,0,0,2,0,0,2,0,0,0,0,2,0
"730","Tanzania",2005,5,2,0,0,5,0,0,2,0,7,0,2,5,0,0,0,0,7,0
"731","Tanzania",2006,4,5,0,0,8,0,0,1,0,9,0,1,8,0,3,0,1,4,1
"732","Tanzania",2007,2,9,0,0,9,0,0,2,0,11,0,2,9,0,1,3,3,2,2
"733","Tanzania",2008,7,7,0,0,14,0,0,0,0,14,0,0,14,0,0,0,6,8,0
"734","Tanzania",2009,4,2,0,0,4,0,0,2,0,6,0,2,4,0,1,0,1,4,0
"735","Tanzania",2010,1,17,0,5,2,8,0,3,2,12,4,11,7,0,2,4,6,4,2
"736","Tanzania",2011,0,8,0,1,0,0,0,7,1,5,2,7,1,0,3,1,2,2,0
"737","Tanzania",2012,1,1,0,0,1,0,0,1,0,2,0,1,1,0,1,0,1,0,0
"738","Tanzania",2013,1,0,0,0,1,0,0,0,0,1,0,0,1,0,0,0,0,1,0
"739","Tanzania",2014,1,0,0,0,1,0,0,0,0,1,0,0,1,0,0,0,0,1,0
"740","Thailand",1995,3,0,1,1,3,0,0,0,0,2,2,0,4,0,0,0,0,0,4
"741","Thailand",1996,11,2,0,0,10,0,0,3,0,13,0,3,10,0,0,1,4,3,5
"742","Thailand",1997,8,0,8,2,10,0,0,4,0,14,2,4,12,0,0,0,0,0,16
"743","Thailand",1998,1,1,0,0,2,0,0,0,0,2,0,0,2,0,0,0,0,0,2
"744","Thailand",1999,3,2,0,1,3,0,0,1,0,5,0,1,4,0,0,0,0,0,5
"745","Thailand",2000,8,2,0,1,6,0,0,3,1,8,1,3,7,0,0,0,0,0,10
"746","Thailand",2001,5,2,0,0,4,0,0,3,2,5,0,2,5,0,0,1,1,2,3
"747","Thailand",2002,2,3,0,1,2,0,0,2,0,5,0,2,3,0,0,1,1,0,3
"748","Thailand",2003,0,2,0,0,2,0,0,0,0,2,0,0,2,0,0,0,0,2,0
"749","Thailand",2004,3,0,0,0,3,0,0,0,1,2,0,0,3,0,0,1,1,1,0
"750","Thailand",2006,1,2,0,1,2,0,0,0,3,0,0,0,3,0,0,0,2,1,0
"751","Thailand",2007,0,3,0,2,0,0,0,1,1,2,0,1,2,0,0,0,1,2,0
"752","Thailand",2009,0,0,1,0,1,0,0,0,1,0,0,0,1,0,1,0,0,0,0
"753","Thailand",2010,1,1,0,0,2,0,0,0,0,2,0,0,2,0,0,0,1,1,0
"754","Thailand",2014,0,2,0,1,1,0,0,0,0,2,0,0,2,0,0,0,1,1,0
"755","The Congo",2014,1,0,0,0,1,0,0,0,0,0,1,0,1,0,0,0,0,1,0
"756","The Gambia",2002,1,0,0,0,1,0,0,0,0,0,1,0,1,0,0,0,0,1,0
"757","Togo",2000,1,0,0,0,1,0,0,0,0,1,0,0,1,0,0,0,0,0,1
"758","Togo",2002,1,0,0,0,0,0,0,1,0,1,0,1,0,0,0,0,0,1,0
"759","Togo",2003,1,0,0,0,0,0,0,1,0,1,0,1,0,0,0,0,1,0,0
"760","Togo",2006,1,0,0,0,1,0,0,0,0,1,0,0,1,0,1,0,0,0,0
"761","Togo",2008,1,0,0,0,1,0,0,0,0,0,1,0,1,0,0,0,1,0,0
"762","Togo",2009,0,2,0,0,0,0,0,2,0,2,0,2,0,0,0,0,0,2,0
"763","Togo",2011,4,0,0,0,0,0,0,4,0,4,0,4,0,0,0,0,0,4,0
"764","Togo",2012,13,1,0,3,2,0,0,9,0,14,0,9,5,0,0,1,4,9,0
"765","Togo",2013,4,1,0,2,0,0,0,3,0,5,0,3,2,0,0,0,1,4,0
"766","Togo",2014,2,0,0,0,0,0,0,2,0,2,0,2,0,0,0,0,0,2,0
"767","Trinidad & Tobago",2001,0,1,0,0,1,0,0,0,1,0,0,0,1,0,0,1,0,0,0
"768","Trinidad & Tobago",2003,0,3,0,0,2,0,0,1,2,0,1,1,2,0,1,0,2,0,0
"769","Trinidad & Tobago",2006,1,0,0,0,0,1,0,0,1,0,0,1,0,0,0,0,1,0,0
"770","Turkey",1995,1,0,0,0,1,0,0,0,1,0,0,0,1,0,0,0,0,0,1
"771","Turkey",1996,1,0,0,1,0,0,0,0,1,0,0,0,1,0,0,0,0,0,1
"772","Turkey",1997,0,2,0,0,0,0,0,2,0,2,0,2,0,0,0,0,0,0,2
"773","United Arab Emirates",2004,1,1,0,1,1,0,0,0,2,0,0,0,2,0,0,1,0,1,0
"774","United Kingdom",2002,1,0,1,0,2,0,0,0,0,0,2,0,2,0,1,0,0,0,1
"775","United States",1997,0,1,0,0,1,0,0,0,0,1,0,0,1,0,0,0,0,0,1
"776","United States",1998,1,0,0,0,1,0,0,0,0,0,1,0,1,0,0,0,0,0,1
"777","United States",2000,1,0,0,0,1,0,0,0,0,1,0,0,1,0,0,0,0,0,1
"778","United States",2002,0,1,0,1,0,0,0,0,1,0,0,0,1,0,0,0,0,0,1
"779","United States",2003,1,0,0,0,1,0,0,0,0,1,0,0,1,0,1,0,0,0,0
"780","United States",2004,1,0,0,0,1,0,0,0,1,0,0,0,1,0,0,0,0,0,1
"781","Uruguay",1996,1,0,0,0,1,0,0,0,0,1,0,0,1,0,0,0,0,0,1
"782","Venezuela",1997,2,0,1,0,3,0,0,0,0,3,0,0,3,0,0,0,0,0,3
"783","Venezuela",1998,1,0,0,0,1,0,0,0,0,1,0,0,1,0,0,0,0,0,1
"784","Venezuela",1999,6,0,0,0,6,0,0,0,0,5,1,0,6,0,0,0,0,0,6
"785","Venezuela",2000,3,0,0,0,3,0,0,0,0,3,0,0,3,0,0,0,0,0,3
"786","Venezuela",2001,0,1,0,0,1,0,0,0,1,0,0,0,1,0,0,1,0,0,0
"787","Venezuela",2002,8,0,0,0,7,0,0,1,3,4,1,1,7,0,1,0,1,3,3
"788","Venezuela",2003,11,2,0,0,11,0,0,2,3,10,0,2,11,0,1,1,3,7,1
"789","Venezuela",2004,6,2,0,0,8,0,0,0,4,4,0,0,8,0,1,0,1,5,1
"790","Venezuela",2005,2,0,0,0,2,0,0,0,1,0,1,0,2,0,0,0,0,2,0
"791","Venezuela",2006,4,0,0,0,4,0,0,0,3,1,0,0,4,0,1,0,1,2,0
"792","Venezuela",2007,1,0,0,0,1,0,0,0,0,1,0,0,1,0,0,0,0,1,0
"793","Venezuela",2008,1,1,1,0,3,0,0,0,2,1,0,0,3,0,0,0,3,0,0
"794","Venezuela",2009,5,0,0,0,4,0,0,1,0,5,0,1,4,0,0,1,3,1,0
"795","Venezuela",2010,7,0,0,0,4,0,0,3,0,7,0,3,4,0,2,0,3,2,0
"796","Venezuela",2011,2,2,0,0,2,0,0,2,0,4,0,2,2,0,0,1,1,2,0
"797","Venezuela",2014,1,0,0,0,1,0,0,0,0,1,0,0,1,0,0,0,1,0,0
"798","Vietnam",1993,0,0,5,0,0,0,0,5,0,4,1,0,0,5,0,1,2,1,1
"799","Vietnam",1994,0,0,4,0,3,0,0,1,0,4,0,1,3,0,0,1,0,3,0
"800","Vietnam",1995,2,3,0,0,3,0,0,2,0,4,1,2,3,0,0,0,1,1,3
"801","Vietnam",1997,1,2,1,0,2,0,0,2,0,3,1,2,2,0,0,0,0,0,4
"802","Vietnam",1998,1,0,0,0,1,0,0,0,0,1,0,0,1,0,0,0,0,0,1
"803","Vietnam",1999,2,0,0,0,2,0,0,0,0,2,0,0,2,0,0,0,0,0,2
"804","Vietnam",2000,2,4,0,0,2,0,0,4,0,5,1,4,2,0,0,0,0,0,6
"805","Vietnam",2001,7,2,0,0,8,0,0,1,0,9,0,1,8,0,0,1,3,5,0
"806","Vietnam",2002,7,0,0,0,6,0,0,1,0,7,0,1,6,0,1,0,2,4,0
"807","Vietnam",2003,15,0,0,0,14,0,0,1,0,15,0,1,14,0,1,1,4,9,0
"808","Vietnam",2004,2,2,0,1,3,0,0,0,2,2,0,0,4,0,0,0,0,2,2
"809","Vietnam",2005,10,3,0,0,11,0,0,2,0,13,0,2,11,0,0,0,3,9,1
"810","Vietnam",2006,2,1,0,0,3,0,0,0,1,2,0,0,3,0,0,0,1,2,0
"811","Vietnam",2007,5,0,0,0,5,0,0,0,0,5,0,0,5,0,0,0,2,2,1
"812","Vietnam",2008,10,1,0,0,10,0,0,1,0,11,0,1,10,0,1,0,4,6,0
"813","Vietnam",2009,8,1,0,0,9,0,0,0,1,7,1,0,9,0,1,0,3,5,0
"814","Vietnam",2010,11,1,0,0,12,0,0,0,0,11,1,0,12,0,0,2,1,8,1
"815","Vietnam",2011,8,0,0,0,8,0,0,0,0,8,0,0,8,0,1,0,3,4,0
"816","Vietnam",2012,4,0,0,0,3,0,0,1,0,4,0,1,3,0,0,0,1,3,0
"817","Vietnam",2013,8,1,0,0,9,0,0,0,0,9,0,0,9,0,0,1,3,5,0
"818","Vietnam",2014,4,3,0,0,7,0,0,0,0,7,0,0,7,0,3,0,0,4,0
"819","Yemen",1995,0,2,0,0,0,0,0,2,0,2,0,2,0,0,0,0,0,0,2
"820","Yemen",1996,0,2,0,0,1,1,0,0,1,0,1,1,1,0,1,1,0,0,0
"821","Yemen",1997,0,1,1,1,0,0,0,1,2,0,0,1,1,0,0,0,0,0,2
"822","Yemen",1999,0,2,0,0,1,0,0,1,1,1,0,1,1,0,0,0,0,0,2
"823","Yemen",2000,1,14,0,0,0,1,0,14,3,10,2,14,1,0,0,0,0,0,15
"824","Yemen",2001,0,11,0,0,1,0,0,10,2,8,1,10,1,0,4,4,0,2,1
"825","Yemen",2002,0,16,0,0,2,1,0,13,0,15,1,14,2,0,6,2,4,3,1
"826","Yemen",2003,0,14,0,0,3,0,0,11,6,7,1,11,3,0,3,0,2,8,1
"827","Yemen",2004,0,2,4,0,2,1,0,3,1,0,5,4,2,0,4,2,0,0,0
"828","Yemen",2005,0,8,0,1,0,0,0,7,3,4,1,7,1,0,1,3,1,3,0
"829","Yemen",2006,0,8,0,0,0,0,0,8,0,7,1,8,0,0,0,1,3,4,0
"830","Yemen",2007,0,14,0,0,0,0,0,14,4,9,1,14,0,0,4,1,3,6,0
"831","Yemen",2008,0,82,0,29,1,27,0,25,6,72,4,52,30,0,36,22,1,21,2
"832","Yemen",2009,0,130,0,19,0,0,0,111,9,117,4,111,19,0,42,32,6,44,6
"833","Yemen",2010,0,74,0,16,5,30,0,23,4,63,7,53,21,0,18,21,7,24,4
"834","Yemen",2011,0,76,0,6,6,0,0,64,4,71,1,64,12,0,24,23,4,22,3
"835","Yemen",2012,0,29,0,3,0,9,0,17,1,25,3,26,3,0,16,4,0,7,2
"836","Yemen",2013,0,7,0,0,0,0,0,7,0,7,0,7,0,0,0,2,1,4,0
"837","Yemen",2014,0,4,0,0,0,0,0,4,0,3,1,4,0,0,1,2,0,1,0
